{
    "providers": [
        {
            "type": "bitmap",
            "file": "minecraft:font/owner.png",
            "height": 16,
            "ascent": 14,
            "chars": [
                "\uE000"
            ]
        },
        {
            "type": "bitmap",
            "file": "minecraft:font/admin.png",
            "height": 16,
            "ascent": 14,
            "chars": [
                "\uE001"
            ]
        },
        {
            "type": "bitmap",
            "file": "minecraft:font/moderator.png",
            "height": 16,
            "ascent": 14,
            "chars": [
                "\uE002"
            ]
        },
        {
            "type": "bitmap",
            "file": "minecraft:font/media.png",
            "height": 16,
            "ascent": 14,
            "chars": [
                "\uE003"
            ]
        },
        {
            "type": "bitmap",
            "file": "minecraft:font/king.png",
            "height": 16,
            "ascent": 14,
            "chars": [
                "\uE004"
            ]
        },
        {
            "type": "bitmap",
            "file": "minecraft:font/queen.png",
            "height": 16,
            "ascent": 14,
            "chars": [
                "\uE005"
            ]
        },
        {
            "type": "bitmap",
            "file": "minecraft:font/prince.png",
            "height": 16,
            "ascent": 14,
            "chars": [
                "\uE006"
            ]
        },
        {
            "type": "bitmap",
            "file": "minecraft:font/princess.png",
            "height": 16,
            "ascent": 14,
            "chars": [
                "\uE007"
            ]
        },
        {
            "type": "bitmap",
            "file": "minecraft:font/noble.png",
            "height": 16,
            "ascent": 14,
            "chars": [
                "\uE008"
            ]
        },
        {
            "type": "bitmap",
            "file": "minecraft:font/knight.png",
            "height": 16,
            "ascent": 14,
            "chars": [
                "\uE009"
            ]
        },
        {
            "type": "bitmap",
            "file": "minecraft:font/bobbie.png",
            "height": 16,
            "ascent": 14,
            "chars": [
                "\uE00A"
            ]
        },
        {
            "type": "bitmap",
            "file": "minecraft:font/builder.png",
            "height": 16,
            "ascent": 14,
            "chars": [
                "\uE00B"
            ]
        },
        {
            "type": "bitmap",
            "file": "minecraft:font/mine_owner.png",
            "height": 16,
            "ascent": 14,
            "chars": [
                "\uE00C"
            ]
        },
        {
            "type": "bitmap",
            "file": "minecraft:font/peasant.png",
            "height": 16,
            "ascent": 14,
            "chars": [
                "\uE00D"
            ]
        }
    ]
}